{
  "version": "2023.1",
  "applications": [],
  "platforms": [
    {
      "name": "design_1_wrapper"
    }
  ],
  "systems": [
    {
      "name": "Zybo-Z7-10-HDMI_system",
      "platform": "I:/Zybo-Z7/sw/ws/design_1_wrapper/export/design_1_wrapper/design_1_wrapper.xpfm",
      "sysConfig": "design_1_wrapper",
      "buildConfig": "Debug",
      "applications": [
        {
          "name": "Zybo-Z7-10-HDMI",
          "platform": "I:/Zybo-Z7/sw/ws/design_1_wrapper/export/design_1_wrapper/design_1_wrapper.xpfm",
          "platformPath": "I:\\Zybo-Z7\\sw\\ws\\design_1_wrapper\\export\\design_1_wrapper",
          "sysConfig": "design_1_wrapper",
          "domain": "domain_ps7_cortexa9_0",
          "system": "Zybo-Z7-10-HDMI_system"
        }
      ],
      "platformPath": "I:\\Zybo-Z7\\sw\\ws\\design_1_wrapper\\export\\design_1_wrapper"
    }
  ],
  "others": []
}